method	route	source	line
GET	/api/accommodations	examPhase2.ts	378
POST	/api/accommodations	examPhase2.ts	429
DELETE	/api/accommodations/:id	examPhase2.ts	460
PUT	/api/accommodations/:id	examPhase2.ts	443
DELETE	/api/admin/exams/:id	server.ts	14372
POST	/api/admin/fix-teacher-userids	server.ts	4324
POST	/api/admin/gutenberg/import	gutenberg.ts	140
GET	/api/admin/gutenberg/search	gutenberg.ts	120
GET	/api/admissions	server.ts	5563
POST	/api/admissions	server.ts	5598
GET	/api/admissions/:id	server.ts	5671
PUT	/api/admissions/:id	server.ts	5693
POST	/api/admissions/:id/convert	server.ts	5950
POST	/api/admissions/:id/decision	server.ts	5828
POST	/api/admissions/:id/documents	server.ts	5864
PUT	/api/admissions/:id/documents/:documentId	server.ts	5909
POST	/api/admissions/:id/interview	server.ts	5787
POST	/api/admissions/:id/status	server.ts	5757
GET	/api/analytics/attendance	server.ts	17642
GET	/api/announcements	server.ts	7314
POST	/api/announcements	server.ts	7351
DELETE	/api/announcements/:id	server.ts	7433
GET	/api/announcements/:id	server.ts	7336
PUT	/api/announcements/:id	server.ts	7392
POST	/api/attempts/:attemptId/integrity-event	examPhase2.ts	869
POST	/api/attempts/:attemptId/invigilate	examPhase2.ts	1941
POST	/api/attempts/:attemptId/pause	examPhase2.ts	901
GET	/api/attempts/:attemptId/result	examPhase2.ts	1114
POST	/api/attempts/:attemptId/save	examPhase2.ts	807
GET	/api/attempts/:attemptId/state	examPhase2.ts	777
POST	/api/attempts/:attemptId/submit	examPhase2.ts	931
GET	/api/attendance	server.ts	4537
POST	/api/attendance	server.ts	4638
POST	/api/attendance/bulk	server.ts	4893
GET	/api/audit-logs	server.ts	3128
POST	/api/auth/change-password	server.ts	3059
POST	/api/auth/forgot-password	server.ts	2315
POST	/api/auth/login	server.ts	2467
POST	/api/auth/logout	server.ts	2612
GET	/api/auth/me	server.ts	2646
GET	/api/auth/mfa	server.ts	2700
POST	/api/auth/mfa/disable	server.ts	2787
POST	/api/auth/mfa/enable	server.ts	2738
POST	/api/auth/mfa/recovery-codes	server.ts	2766
POST	/api/auth/mfa/setup	server.ts	2715
POST	/api/auth/public-learner-signup	server.ts	2405
POST	/api/auth/reset-password	server.ts	2370
GET	/api/auth/sessions	server.ts	2818
DELETE	/api/auth/sessions/:id	server.ts	2827
POST	/api/auth/sessions/revoke-others	server.ts	2832
POST	/api/auth/verify-password	server.ts	3099
GET	/api/backups	server.ts	16959
GET	/api/backups/:name/download	server.ts	17069
POST	/api/backups/:name/verify	server.ts	17036
POST	/api/backups/data	server.ts	17007
POST	/api/backups/files	server.ts	16991
POST	/api/backups/run	server.ts	16970
GET	/api/bill-payments	server.ts	10967
POST	/api/bill-payments	server.ts	11064
GET	/api/bill-payments/:id	server.ts	11006
DELETE	/api/blueprint-rules/:id	examBank.ts	529
GET	/api/book-loans	server.ts	8337
POST	/api/book-loans/:loanId/return	server.ts	8293
GET	/api/books	server.ts	8061
POST	/api/books	server.ts	8085
DELETE	/api/books/:id	server.ts	8211
GET	/api/books/:id	server.ts	8132
PUT	/api/books/:id	server.ts	8150
POST	/api/books/:id/loans	server.ts	8239
GET	/api/budgets	server.ts	11520
POST	/api/budgets	server.ts	11554
DELETE	/api/budgets/:id	server.ts	11687
GET	/api/budgets/:id	server.ts	11602
PUT	/api/budgets/:id	server.ts	11629
GET	/api/campaigns	server.ts	10095
POST	/api/campaigns	server.ts	10120
PUT	/api/campaigns/:id	server.ts	10156
GET	/api/cases	server.ts	5353
POST	/api/cases	server.ts	5384
DELETE	/api/cases/:id	server.ts	15220
GET	/api/cases/:id	server.ts	15198
POST	/api/cases/:id/notes	server.ts	15239
GET	/api/category-weights	server.ts	18850
PUT	/api/category-weights	server.ts	18863
POST	/api/chat-media	server.ts	20414
POST	/api/chat/class-channel	server.ts	21403
GET	/api/chat/contacts	server.ts	21268
GET	/api/chat/conversations	server.ts	21311
POST	/api/chat/conversations	server.ts	21354
DELETE	/api/chat/conversations/:id	server.ts	21579
GET	/api/chat/conversations/:id/messages	server.ts	21460
POST	/api/chat/conversations/:id/messages	server.ts	21501
POST	/api/chat/conversations/:id/read	server.ts	21560
POST	/api/chat/conversations/:id/typing	server.ts	21540
POST	/api/chat/heartbeat	server.ts	21261
DELETE	/api/chat/messages/:id	server.ts	21634
POST	/api/chat/messages/:id/report	server.ts	21652
GET	/api/chat/presence	server.ts	21251
GET	/api/chat/reports	server.ts	21673
POST	/api/chat/reports/:id/resolve	server.ts	21694
POST	/api/chat/sticker-packs	server.ts	20462
DELETE	/api/chat/sticker-packs/:pack	server.ts	20532
POST	/api/chat/sticker-packs/:pack/stickers	server.ts	20481
DELETE	/api/chat/sticker-packs/:pack/stickers/:file	server.ts	20511
GET	/api/chat/stickers	server.ts	20443
GET	/api/chat/stream	server.ts	21213
GET	/api/checkers-game/leaderboard	checkersGame.ts	397
GET	/api/checkers-game/mon-words	checkersGame.ts	211
POST	/api/checkers-game/scores	checkersGame.ts	257
GET	/api/checkers-game/stats	checkersGame.ts	631
GET	/api/checkers-game/vocabulary	checkersGame.ts	103
POST	/api/checkers-game/vocabulary	checkersGame.ts	124
GET	/api/checkers-game/vocabulary-progress	checkersGame.ts	556
GET	/api/checkers-game/vocabulary-words	checkersGame.ts	38
DELETE	/api/checkers-game/vocabulary/:id	checkersGame.ts	197
PUT	/api/checkers-game/vocabulary/:id	checkersGame.ts	175
POST	/api/checkers-game/vocabulary/import	checkersGame.ts	146
GET	/api/classes	server.ts	4115
POST	/api/classes	server.ts	15141
GET	/api/classes/:id	server.ts	4140
PUT	/api/classes/:id	server.ts	15166
POST	/api/classes/:id/students	server.ts	4270
DELETE	/api/classes/:id/students/:studentId	server.ts	4307
POST	/api/classes/:id/subjects	server.ts	4223
DELETE	/api/classes/:id/subjects/:subjectId	server.ts	4254
POST	/api/classes/:id/teachers	server.ts	4176
DELETE	/api/classes/:id/teachers/:teacherId	server.ts	4204
GET	/api/classwork/classes	classworkRoutes.ts	155
GET	/api/classwork/classes/:classId	classworkRoutes.ts	181
GET	/api/classwork/classes/:classId/catalog	classworkRoutes.ts	431
PUT	/api/classwork/classes/:classId/placement	classworkRoutes.ts	497
POST	/api/classwork/classes/:classId/resources	classworkRoutes.ts	540
DELETE	/api/classwork/classes/:classId/resources/:resourceId	classworkRoutes.ts	580
POST	/api/classwork/classes/:classId/topics	classworkRoutes.ts	416
PATCH	/api/classwork/classes/:classId/topics/:topicId	classworkRoutes.ts	481
GET	/api/conduct/rules	conduct.ts	37
GET	/api/conduct/students/:studentId/summary	conduct.ts	249
GET	/api/conduct/violations	conduct.ts	201
POST	/api/conduct/violations	conduct.ts	54
DELETE	/api/conduct/violations/:id	conduct.ts	295
POST	/api/conduct/violations/batch	conduct.ts	118
GET	/api/conduct/violations/notice	conductPdf.ts	91
GET	/api/daily-quest	dailyQuest.ts	190
POST	/api/daily-quest/:id/answer	dailyQuest.ts	274
POST	/api/daily-quest/start	dailyQuest.ts	221
GET	/api/dashboard	server.ts	17315
GET	/api/departments	server.ts	13129
POST	/api/departments	server.ts	13142
DELETE	/api/departments/:id	server.ts	13178
PUT	/api/departments/:id	server.ts	13160
GET	/api/designations	server.ts	13200
POST	/api/designations	server.ts	13213
DELETE	/api/designations/:id	server.ts	13247
PUT	/api/designations/:id	server.ts	13229
GET	/api/dictionary/lookup	dictionary.ts	239
GET	/api/dictionary/random	dictionary.ts	295
GET	/api/documents	server.ts	19916
POST	/api/documents	server.ts	19702
DELETE	/api/documents/:id	server.ts	20116
GET	/api/documents/:id	server.ts	19978
POST	/api/documents/:id/cancel	server.ts	20090
POST	/api/documents/:id/download	server.ts	20068
POST	/api/documents/:id/reissue	server.ts	20134
GET	/api/documents/:id/student-card.pdf	server.ts	19990
POST	/api/documents/bulk	server.ts	19786
GET	/api/documents/eligible-classes	server.ts	19759
GET	/api/donations	server.ts	9722
POST	/api/donations	server.ts	9774
DELETE	/api/donations/:id	server.ts	9868
GET	/api/donations/:id	server.ts	9749
PUT	/api/donations/:id	server.ts	9812
POST	/api/donations/:id/acknowledge	server.ts	9914
GET	/api/donations/:id/tax-receipt	server.ts	10062
POST	/api/donations/:id/tax-receipt	server.ts	9973
GET	/api/donors	server.ts	10191
POST	/api/donors	server.ts	10274
DELETE	/api/donors/:id	server.ts	10370
GET	/api/donors/:id	server.ts	10227
PUT	/api/donors/:id	server.ts	10324
GET	/api/duty-assignments	server.ts	12769
POST	/api/duty-assignments	server.ts	12815
DELETE	/api/duty-assignments/:id	server.ts	13004
PUT	/api/duty-assignments/:id	server.ts	12888
GET	/api/duty-definitions	server.ts	12295
POST	/api/duty-definitions	server.ts	12319
DELETE	/api/duty-definitions/:id	server.ts	12386
PUT	/api/duty-definitions/:id	server.ts	12356
GET	/api/duty-performance/:studentId	server.ts	13032
GET	/api/duty-performance/leaderboard	server.ts	13081
GET	/api/duty-rosters	server.ts	12426
POST	/api/duty-rosters	server.ts	12449
DELETE	/api/duty-rosters/:id	server.ts	12552
GET	/api/duty-rosters/:id	server.ts	12485
PUT	/api/duty-rosters/:id	server.ts	12517
POST	/api/duty-rosters/:id/auto-assign	server.ts	12649
POST	/api/duty-rosters/:id/publish	server.ts	12590
GET	/api/ebooks	server.ts	16062
POST	/api/ebooks	server.ts	16388
DELETE	/api/ebooks/:id	server.ts	16664
GET	/api/ebooks/:id	server.ts	16546
PUT	/api/ebooks/:id	server.ts	16562
GET	/api/ebooks/:id/comic/manifest	server.ts	16713
GET	/api/ebooks/:id/comic/pages/:page	server.ts	16731
GET	/api/ebooks/:id/content	server.ts	16694
GET	/api/ebooks/:id/download	server.ts	16774
GET	/api/ebooks/:id/highlights	server.ts	16904
POST	/api/ebooks/:id/highlights	server.ts	16920
GET	/api/ebooks/:id/progress	server.ts	16828
PUT	/api/ebooks/:id/progress	server.ts	16871
POST	/api/ebooks/:id/reading-time	server.ts	16844
GET	/api/ebooks/analytics	server.ts	16104
POST	/api/ebooks/chunks	server.ts	16433
DELETE	/api/ebooks/chunks/:uploadId	server.ts	16530
POST	/api/ebooks/chunks/complete	server.ts	16475
POST	/api/ebooks/cover-upload	server.ts	16187
DELETE	/api/ebooks/highlights/:highlightId	server.ts	16944
GET	/api/ebooks/my/progress	server.ts	16801
GET	/api/ebooks/title-availability	server.ts	16087
GET	/api/employees	server.ts	13263
POST	/api/employees	server.ts	13312
DELETE	/api/employees/:id	server.ts	13390
GET	/api/employees/:id	server.ts	13290
PUT	/api/employees/:id	server.ts	13346
GET	/api/employees/:id/leave-balance	server.ts	13900
PUT	/api/exam-attempts/:attemptId/grade	server.ts	14688
POST	/api/exam-media	server.ts	14124
DELETE	/api/exam-questions/:id	examBank.ts	483
POST	/api/exam2/:examId/start	examPhase2.ts	540
GET	/api/exam2/available	examPhase2.ts	1289
GET	/api/exams	server.ts	13953
POST	/api/exams	server.ts	14158
DELETE	/api/exams/:examId/assignments/:assignmentId	examPhase2.ts	520
GET	/api/exams/:examId/preview	examPhase2.ts	683
DELETE	/api/exams/:id	server.ts	14339
GET	/api/exams/:id	server.ts	14008
PUT	/api/exams/:id	server.ts	14242
GET	/api/exams/:id/analytics	examPhase2.ts	1852
POST	/api/exams/:id/analyze	examPhase2.ts	1757
GET	/api/exams/:id/assignments	examPhase2.ts	474
POST	/api/exams/:id/assignments	examPhase2.ts	488
GET	/api/exams/:id/bank-questions	examBank.ts	446
GET	/api/exams/:id/blueprint	examBank.ts	508
POST	/api/exams/:id/blueprint	examBank.ts	512
GET	/api/exams/:id/blueprint/preview	examBank.ts	539
POST	/api/exams/:id/clone	examBank.ts	546
GET	/api/exams/:id/invigilator	examPhase2.ts	1883
GET	/api/exams/:id/print	examPhase2.ts	2021
GET	/api/exams/:id/question-groups	examPhase2.ts	1515
POST	/api/exams/:id/question-groups	examPhase2.ts	1520
GET	/api/exams/:id/questions	examPhase2.ts	1395
POST	/api/exams/:id/questions	examBank.ts	451
GET	/api/exams/:id/questions/:qid/analytics	examPhase2.ts	1872
PUT	/api/exams/:id/questions/reorder	examBank.ts	493
POST	/api/exams/:id/release	examPhase2.ts	1742
POST	/api/exams/:id/restore	server.ts	14537
GET	/api/exams/:id/result-policy	examPhase2.ts	331
PUT	/api/exams/:id/result-policy	examPhase2.ts	341
GET	/api/exams/:id/results	server.ts	14574
GET	/api/exams/:id/rubrics	examPhase2.ts	1542
POST	/api/exams/:id/rubrics	examPhase2.ts	1548
GET	/api/exams/:id/schedule	examPhase2.ts	322
PUT	/api/exams/:id/schedule	examPhase2.ts	259
GET	/api/exams/:id/sections	examPhase2.ts	1469
POST	/api/exams/:id/sections	examPhase2.ts	1478
GET	/api/exams/:id/stimuli	examPhase2.ts	1492
POST	/api/exams/:id/stimuli	examPhase2.ts	1501
POST	/api/exams/:id/submit	server.ts	14570
POST	/api/exams/:id/sync-gradebook	server.ts	14463
GET	/api/expenses	server.ts	10568
POST	/api/expenses	server.ts	10720
DELETE	/api/expenses/:id	server.ts	10834
GET	/api/expenses/:id	server.ts	10693
PUT	/api/expenses/:id	server.ts	10772
POST	/api/expenses/:id/approve	server.ts	10916
POST	/api/expenses/:id/pay	server.ts	10950
GET	/api/expenses/:id/payments	server.ts	11036
POST	/api/expenses/:id/reject	server.ts	10933
POST	/api/expenses/:id/submit	server.ts	10874
GET	/api/export/:module	server.ts	15487
GET	/api/family/inbox	familyRoutes.ts	233
PATCH	/api/family/inbox/:id	familyRoutes.ts	249
GET	/api/family/messages	familyRoutes.ts	194
POST	/api/family/messages	familyRoutes.ts	213
GET	/api/family/students	familyRoutes.ts	73
GET	/api/family/students/:studentId/overview	familyRoutes.ts	101
GET	/api/fee-assignments	server.ts	9478
POST	/api/fee-assignments/:id/pay	server.ts	9505
GET	/api/fee-discounts	server.ts	9590
POST	/api/fee-discounts	server.ts	9611
DELETE	/api/fee-items/:id	server.ts	9369
PUT	/api/fee-items/:id	server.ts	9346
GET	/api/fee-structures	server.ts	9090
POST	/api/fee-structures	server.ts	9149
DELETE	/api/fee-structures/:id	server.ts	9222
GET	/api/fee-structures/:id	server.ts	9119
PUT	/api/fee-structures/:id	server.ts	9186
POST	/api/fee-structures/:id/assign	server.ts	9386
POST	/api/fee-structures/:id/items	server.ts	9321
GET	/api/fees	server.ts	8777
POST	/api/fees	server.ts	8879
GET	/api/fees/:id	server.ts	8843
POST	/api/fees/:id/pay	server.ts	8976
GET	/api/fees/:id/receipt.pdf	feesPdf.ts	42
POST	/api/fees/:id/void	server.ts	8992
GET	/api/financial-reports/budget-vs-actual	server.ts	12092
GET	/api/financial-reports/cash-flow	server.ts	12184
GET	/api/financial-reports/income-expense	server.ts	11898
GET	/api/financial-reports/summary	server.ts	11758
PUT	/api/flashcards/cards/:cardId/mastery	flashcards.ts	592
GET	/api/flashcards/community	flashcards.ts	243
GET	/api/flashcards/decks	flashcards.ts	215
POST	/api/flashcards/decks	flashcards.ts	341
DELETE	/api/flashcards/decks/:id	flashcards.ts	464
GET	/api/flashcards/decks/:id	flashcards.ts	300
PUT	/api/flashcards/decks/:id	flashcards.ts	390
GET	/api/flashcards/decks/:id/attempts	flashcards.ts	537
POST	/api/flashcards/decks/:id/attempts	flashcards.ts	500
POST	/api/flashcards/decks/:id/clone	flashcards.ts	696
GET	/api/flashcards/decks/:id/mastery	flashcards.ts	568
GET	/api/flashcards/decks/:id/progress	flashcards.ts	618
DELETE	/api/flashcards/image-upload	flashcards.ts	198
POST	/api/flashcards/image-upload	flashcards.ts	174
GET	/api/flashcards/my-decks	flashcards.ts	266
GET	/api/game-controls/access	gameControls.ts	352
GET	/api/game-controls/manage	gameControls.ts	580
POST	/api/game-controls/policies	gameControls.ts	643
DELETE	/api/game-controls/policies/:id	gameControls.ts	701
POST	/api/game-controls/sessions/:id/end	gameControls.ts	517
POST	/api/game-controls/sessions/:id/heartbeat	gameControls.ts	442
POST	/api/game-controls/sessions/start	gameControls.ts	371
GET	/api/games/chess/challenges	chessGame.ts	201
POST	/api/games/chess/challenges	chessGame.ts	224
GET	/api/games/chess/leaderboard	chessGame.ts	490
GET	/api/games/chess/matches	chessGame.ts	352
GET	/api/games/chess/matches/:id	chessGame.ts	373
POST	/api/games/chess/matches/:id/accept	chessGame.ts	289
POST	/api/games/chess/matches/:id/cancel	chessGame.ts	334
POST	/api/games/chess/matches/:id/decline	chessGame.ts	313
POST	/api/games/chess/matches/:id/move	chessGame.ts	393
POST	/api/games/chess/matches/:id/resign	chessGame.ts	458
GET	/api/games/chess/opponents	chessGame.ts	143
GET	/api/games/pacman/leaderboard	pacmanGame.ts	112
POST	/api/games/pacman/scores	pacmanGame.ts	64
GET	/api/games/word-trail	wordTrail.ts	218
POST	/api/games/word-trail/:id/abandon	wordTrail.ts	504
POST	/api/games/word-trail/:id/answer	wordTrail.ts	377
POST	/api/games/word-trail/:id/roll	wordTrail.ts	322
POST	/api/games/word-trail/start	wordTrail.ts	248
GET	/api/ged-readiness	server.ts	19212
PUT	/api/ged-readiness	server.ts	19238
POST	/api/grade-items	server.ts	18685
DELETE	/api/grade-items/:id	server.ts	18760
PUT	/api/grade-items/:id	server.ts	18720
GET	/api/gradebook	server.ts	18626
GET	/api/gradebook/student/:studentId	server.ts	19140
POST	/api/grades/bulk	server.ts	18784
POST	/api/grading/:attemptId/:questionId	examPhase2.ts	1644
POST	/api/grading/:gradeId/finalize	examPhase2.ts	1689
GET	/api/grading/queue	examPhase2.ts	1605
GET	/api/health	server.ts	17150
GET	/api/homework	server.ts	22350
POST	/api/homework	server.ts	22285
DELETE	/api/homework-media	server.ts	22252
POST	/api/homework-media	server.ts	22226
DELETE	/api/homework/:id	server.ts	22508
GET	/api/homework/:id	server.ts	22381
PUT	/api/homework/:id	server.ts	22410
POST	/api/homework/:id/mark	server.ts	22686
POST	/api/homework/:id/submit	server.ts	22583
POST	/api/homework/:id/sync-gradebook	server.ts	22760
GET	/api/interventions	server.ts	5250
POST	/api/interventions	server.ts	5280
PATCH	/api/interventions/:id	server.ts	5311
GET	/api/interventions/assignees	server.ts	5272
GET	/api/language-quest/admin/learners	languageQuest.ts	3986
DELETE	/api/language-quest/admin/learners/:id	languageQuest.ts	4197
PATCH	/api/language-quest/admin/learners/:id/status	languageQuest.ts	4103
PATCH	/api/language-quest/admin/learners/:id/xp	languageQuest.ts	4129
GET	/api/language-quest/analytics	languageQuest.ts	3403
POST	/api/language-quest/challenges/:id/answer	languageQuest.ts	2416
GET	/api/language-quest/classrooms	languageQuest.ts	3678
POST	/api/language-quest/classrooms	languageQuest.ts	3716
GET	/api/language-quest/classrooms/:id	languageQuest.ts	3780
PATCH	/api/language-quest/classrooms/:id	languageQuest.ts	3747
POST	/api/language-quest/classrooms/:id/challenges	languageQuest.ts	3885
PATCH	/api/language-quest/classrooms/:id/challenges/:challengeId	languageQuest.ts	3937
DELETE	/api/language-quest/classrooms/:id/members/:userId	languageQuest.ts	3966
GET	/api/language-quest/courses/:id	languageQuest.ts	1636
GET	/api/language-quest/courses/:id/boss-battle	languageQuest.ts	2078
POST	/api/language-quest/courses/:id/boss-battle/finish	languageQuest.ts	2179
POST	/api/language-quest/courses/:id/final-exam/audio	languageQuest.ts	1899
POST	/api/language-quest/courses/:id/final-exam/finish	languageQuest.ts	1951
POST	/api/language-quest/courses/:id/final-exam/start	languageQuest.ts	1755
POST	/api/language-quest/courses/:id/final-exam/violation	languageQuest.ts	2046
GET	/api/language-quest/engagement	languageQuest.ts	2629
DELETE	/api/language-quest/follow/:userId	languageQuest.ts	3384
POST	/api/language-quest/follow/:userId	languageQuest.ts	3354
POST	/api/language-quest/heart-refill/finish	languageQuest.ts	1502
POST	/api/language-quest/heart-refill/start	languageQuest.ts	1402
GET	/api/language-quest/leaderboard	languageQuest.ts	3080
GET	/api/language-quest/learned-words	languageQuest.ts	1296
GET	/api/language-quest/lessons/:id	languageQuest.ts	2316
GET	/api/language-quest/lessons/:id/preview	languageQuest.ts	2384
GET	/api/language-quest/manage/courses	languageQuest.ts	4222
POST	/api/language-quest/manage/courses	languageQuest.ts	4440
DELETE	/api/language-quest/manage/courses/:id	languageQuest.ts	4742
GET	/api/language-quest/manage/courses/:id	languageQuest.ts	4251
PUT	/api/language-quest/manage/courses/:id	languageQuest.ts	4485
POST	/api/language-quest/manage/courses/:id/duplicate	languageQuest.ts	4532
POST	/api/language-quest/manage/courses/:id/review	languageQuest.ts	4687
POST	/api/language-quest/manage/courses/:id/submit-review	languageQuest.ts	4621
GET	/api/language-quest/mastery	languageQuest.ts	2751
POST	/api/language-quest/mastery/:id/answer	languageQuest.ts	2890
POST	/api/language-quest/missions/:key/claim	languageQuest.ts	2688
GET	/api/language-quest/overview	languageQuest.ts	1196
GET	/api/language-quest/profile	languageQuest.ts	990
PATCH	/api/language-quest/profile	languageQuest.ts	1119
POST	/api/language-quest/profile/classrooms	languageQuest.ts	1140
DELETE	/api/language-quest/profile/classrooms/:id	languageQuest.ts	1183
GET	/api/language-quest/profiles/:userId	languageQuest.ts	1046
GET	/api/language-quest/public/catalog	languageQuest.ts	903
GET	/api/language-quest/voice	languageQuest.ts	942
POST	/api/language-quest/voice	languageQuest.ts	950
GET	/api/leave-requests	server.ts	13759
POST	/api/leave-requests	server.ts	13777
PUT	/api/leave-requests/:id/status	server.ts	13823
GET	/api/leave-types	server.ts	13694
POST	/api/leave-types	server.ts	13704
DELETE	/api/leave-types/:id	server.ts	13743
PUT	/api/leave-types/:id	server.ts	13723
GET	/api/lesson-plans	server.ts	22828
POST	/api/lesson-plans	server.ts	22895
GET	/api/lesson-plans/:id	server.ts	22966
PUT	/api/lesson-plans/:id	server.ts	22995
GET	/api/library	server.ts	6054
POST	/api/library	server.ts	6120
DELETE	/api/library/:id	server.ts	6301
GET	/api/library/:id	server.ts	6177
PUT	/api/library/:id	server.ts	6204
POST	/api/library/:id/download	server.ts	21988
PUT	/api/library/:id/file	server.ts	6254
POST	/api/library/files	server.ts	6101
POST	/api/library/media-session	server.ts	6799
PUT	/api/me/cursor-effect	server.ts	2846
GET	/api/me/payslips	server.ts	13667
GET	/api/messages	server.ts	21715
POST	/api/messages	server.ts	21848
DELETE	/api/messages/:id	server.ts	21956
GET	/api/messages/:id	server.ts	21779
POST	/api/messages/:id/read	server.ts	21928
GET	/api/news	news.ts	229
GET	/api/news-sources	news.ts	309
POST	/api/news-sources	news.ts	323
DELETE	/api/news-sources/:id	news.ts	373
PUT	/api/news-sources/:id	news.ts	349
POST	/api/news-sources/:id/refresh	news.ts	387
GET	/api/news/:id	news.ts	289
GET	/api/news/categories	news.ts	266
POST	/api/news/refresh	news.ts	399
GET	/api/notifications	notificationRoutes.ts	31
PATCH	/api/notifications/:id/read	notificationRoutes.ts	42
GET	/api/notifications/preferences	notificationRoutes.ts	26
PUT	/api/notifications/preferences	notificationRoutes.ts	54
POST	/api/notifications/read-all	notificationRoutes.ts	50
POST	/api/operations/admissions	server.ts	8403
POST	/api/operations/assignments	server.ts	8452
POST	/api/operations/calendar-events	server.ts	8425
POST	/api/operations/certificates	server.ts	8475
POST	/api/operations/communications	server.ts	8501
DELETE	/api/operations/communications/:id	server.ts	8572
PUT	/api/operations/communications/:id	server.ts	8549
POST	/api/operations/inventory	server.ts	8526
DELETE	/api/operations/inventory/:id	server.ts	8608
PUT	/api/operations/inventory/:id	server.ts	8586
GET	/api/operations/overview	server.ts	8364
GET	/api/payment-plans	server.ts	9682
POST	/api/payment-plans	server.ts	9637
GET	/api/payroll-runs	server.ts	13409
POST	/api/payroll-runs	server.ts	13455
DELETE	/api/payroll-runs/:id	server.ts	13577
GET	/api/payroll-runs/:id	server.ts	13429
PUT	/api/payroll-runs/:id	server.ts	13547
GET	/api/payroll-runs/:id/pdf	payrollPdf.ts	60
PUT	/api/payroll-runs/:id/status	server.ts	13503
GET	/api/payslips/:id	server.ts	13640
PUT	/api/payslips/:id	server.ts	13598
GET	/api/personnel-cards/:kind/:id	server.ts	19447
PUT	/api/personnel-cards/:kind/:id	server.ts	19463
GET	/api/personnel-cards/:kind/:id/pdf	server.ts	19495
DELETE	/api/profile-photo	server.ts	2995
POST	/api/profile-photo	server.ts	2886
GET	/api/public/branding	server.ts	15260
GET	/api/question-bank	examBank.ts	292
POST	/api/question-bank	examBank.ts	325
GET	/api/question-bank/:id	examBank.ts	315
PUT	/api/question-bank/:id	examBank.ts	360
POST	/api/question-bank/:id/approve	examBank.ts	415
POST	/api/question-bank/:id/archive	examBank.ts	426
POST	/api/question-bank/:id/restore	examBank.ts	438
GET	/api/question-banks	examBank.ts	282
POST	/api/question-banks	examBank.ts	286
DELETE	/api/question-groups/:id	examPhase2.ts	1536
PUT	/api/question-groups/:id	examPhase2.ts	1528
GET	/api/question-topics	examBank.ts	254
POST	/api/question-topics	examBank.ts	264
DELETE	/api/question-topics/:id	examBank.ts	277
PUT	/api/question-topics/:id	examBank.ts	271
PATCH	/api/questions/:id	examPhase2.ts	1403
GET	/api/recurring-expenses	server.ts	11258
POST	/api/recurring-expenses	server.ts	11276
POST	/api/recurring-expenses/:id/approve	server.ts	11350
POST	/api/recurring-expenses/:id/generate	server.ts	11425
POST	/api/recurring-expenses/:id/reject	server.ts	11388
GET	/api/reports/attendance	server.ts	17376
GET	/api/reports/class-performance	server.ts	19284
GET	/api/reports/classes	server.ts	17909
GET	/api/reports/exams	server.ts	17847
GET	/api/reports/fees	server.ts	17799
POST	/api/reports/generate/:id	server.ts	22091
GET	/api/reports/generations	server.ts	22136
GET	/api/reports/monthly-summary	server.ts	17959
POST	/api/reports/save	server.ts	22063
GET	/api/reports/saved	server.ts	22036
GET	/api/reports/session-attendance	server.ts	17443
GET	/api/reports/students	server.ts	18007
GET	/api/reports/summary	server.ts	17274
DELETE	/api/rubrics/:id	examPhase2.ts	1591
PUT	/api/rubrics/:id	examPhase2.ts	1568
GET	/api/search	server.ts	17094
DELETE	/api/sections/:id	examPhase2.ts	1486
PUT	/api/sections/:id	examPhase2.ts	1482
POST	/api/set-chat-cookie	server.ts	21170
GET	/api/settings	server.ts	15284
PUT	/api/settings	server.ts	15294
POST	/api/settings/assets	server.ts	15377
GET	/api/snake-game/leaderboard	snakeGame.ts	223
GET	/api/snake-game/mon-words	snakeGame.ts	67
POST	/api/snake-game/scores	snakeGame.ts	113
GET	/api/snake-game/vocabulary-analytics	snakeGame.ts	383
GET	/api/snake-game/vocabulary-progress	snakeGame.ts	314
GET	/api/snake-game/vocabulary-words	snakeGame.ts	19
GET	/api/social	server.ts	20765
POST	/api/social	server.ts	20663
DELETE	/api/social/:id	server.ts	20823
PUT	/api/social/:id	server.ts	20854
GET	/api/social/:id/comments	server.ts	20899
POST	/api/social/:id/comments	server.ts	20931
POST	/api/social/:id/like	server.ts	20870
POST	/api/social/:id/report	server.ts	21000
DELETE	/api/social/comments/:id	server.ts	20949
PUT	/api/social/comments/:id	server.ts	20972
POST	/api/social/comments/:id/report	server.ts	21019
GET	/api/social/composer-options	server.ts	20635
POST	/api/social/media-session	server.ts	20622
GET	/api/social/reports	server.ts	21040
POST	/api/social/reports/:id/resolve	server.ts	21067
POST	/api/social/seen	server.ts	21141
GET	/api/social/unread-count	server.ts	21116
DELETE	/api/stimuli/:id	examPhase2.ts	1509
PUT	/api/stimuli/:id	examPhase2.ts	1505
GET	/api/student-duty-expenses	server.ts	10436
POST	/api/student-duty-expenses	server.ts	10475
GET	/api/student-success	server.ts	5188
GET	/api/student/attendance	server.ts	18091
GET	/api/student/badges	server.ts	19175
GET	/api/student/dashboard	server.ts	18254
GET	/api/student/documents	server.ts	19939
GET	/api/student/exams	server.ts	18137
GET	/api/student/ged-readiness	server.ts	19267
GET	/api/student/grades	server.ts	19161
GET	/api/student/homework	server.ts	22548
GET	/api/student/profile	server.ts	18061
GET	/api/student/results	server.ts	18217
GET	/api/students	server.ts	3152
POST	/api/students	server.ts	3189
DELETE	/api/students/:id	server.ts	3649
GET	/api/students/:id	server.ts	3386
PUT	/api/students/:id	server.ts	3553
GET	/api/students/:id/profile-data	server.ts	3424
GET	/api/students/:studentId/documents	server.ts	7882
POST	/api/students/:studentId/documents	server.ts	7958
DELETE	/api/students/:studentId/documents/:id	server.ts	8032
PUT	/api/students/:studentId/documents/:id	server.ts	7996
GET	/api/students/:studentId/documents/:id/file	server.ts	7866
POST	/api/students/:studentId/documents/upload	server.ts	7913
POST	/api/students/import	server.ts	3289
GET	/api/subjects	server.ts	4375
POST	/api/subjects	server.ts	4395
GET	/api/subjects/:id	server.ts	4427
PUT	/api/subjects/:id	server.ts	4454
POST	/api/subjects/:id/teachers	server.ts	4493
DELETE	/api/subjects/:id/teachers/:teacherId	server.ts	4521
GET	/api/system/health	server.ts	17161
GET	/api/teacher/classes	server.ts	18315
GET	/api/teacher/classes/:id	server.ts	18380
GET	/api/teacher/dashboard	server.ts	18487
GET	/api/teacher/debug	server.ts	18339
GET	/api/teacher/exams	server.ts	18459
GET	/api/teacher/me	server.ts	3871
GET	/api/teacher/roster	server.ts	18434
GET	/api/teachers	server.ts	3819
POST	/api/teachers	server.ts	15005
DELETE	/api/teachers/:id	server.ts	4029
GET	/api/teachers/:id	server.ts	3993
PUT	/api/teachers/:id	server.ts	3900
PUT	/api/teachers/:id/status	server.ts	3974
POST	/api/teachers/import	server.ts	15053
GET	/api/timetable	server.ts	7517
POST	/api/timetable	server.ts	7580
DELETE	/api/timetable/:id	server.ts	7835
GET	/api/timetable/:id	server.ts	7564
PUT	/api/timetable/:id	server.ts	7668
POST	/api/timetable/:id/cancel	server.ts	7807
POST	/api/timetable/:id/substitution	server.ts	7762
GET	/api/users	server.ts	3734
POST	/api/users	server.ts	3754
DELETE	/api/users/:id	server.ts	14894
GET	/api/users/:id	server.ts	14773
PUT	/api/users/:id	server.ts	14793
POST	/api/users/:id/reset-password	server.ts	14980
GET	/api/vendors	server.ts	11089
POST	/api/vendors	server.ts	11121
DELETE	/api/vendors/:id	server.ts	11224
GET	/api/vendors/:id	server.ts	11167
PUT	/api/vendors/:id	server.ts	11194
GET	/api/verify/:token	server.ts	20168
GET	/api/verify/payment/:id	server.ts	9048
GET	/api/verify/personnel/:token	server.ts	19560
GET	/api/video-playlists	videoLearningRoutes.ts	118
POST	/api/video-playlists	videoLearningRoutes.ts	132
DELETE	/api/video-playlists/:playlistId	videoLearningRoutes.ts	148
PUT	/api/video-playlists/:playlistId	videoLearningRoutes.ts	139
GET	/api/videos	server.ts	6812
POST	/api/videos	server.ts	6840
DELETE	/api/videos/:id	server.ts	7050
GET	/api/videos/:id	server.ts	6913
PUT	/api/videos/:id	server.ts	6945
GET	/api/videos/:id/analytics	server.ts	7252
GET	/api/videos/:id/learning	videoLearningRoutes.ts	73
PUT	/api/videos/:id/learning	videoLearningRoutes.ts	56
GET	/api/videos/:id/learning/options	videoLearningRoutes.ts	47
POST	/api/videos/:id/learning/reminders	videoLearningRoutes.ts	180
GET	/api/videos/:id/learning/report	videoLearningRoutes.ts	179
GET	/api/videos/:id/notes	videoLearningRoutes.ts	94
POST	/api/videos/:id/notes	videoLearningRoutes.ts	101
DELETE	/api/videos/:id/notes/:noteId	videoLearningRoutes.ts	113
PUT	/api/videos/:id/notes/:noteId/reply	videoLearningRoutes.ts	106
GET	/api/videos/:id/progress	server.ts	7131
POST	/api/videos/:id/progress	server.ts	7148
POST	/api/videos/captions	server.ts	6738
DELETE	/api/videos/files	server.ts	6682
POST	/api/videos/files	server.ts	6528
POST	/api/videos/files/chunks	server.ts	6561
DELETE	/api/videos/files/chunks/:uploadId	server.ts	6663
POST	/api/videos/files/chunks/complete	server.ts	6610
POST	/api/videos/media-session	server.ts	6784
GET	/api/videos/progress	server.ts	6896
POST	/api/videos/thumbnails	server.ts	6764
GET	/api/videos/transcode-status	server.ts	6724
